# wast differential baseline — 20029 assertions / 97 files, all explicitly classified (see scripts/wast-rollup)
# grand totals: error=11502 timeout=4517 unsupported:assert_return-pattern=2000 unsupported:assert_malformed=1073 unsupported:assert_invalid=580 unsupported:assert_unlinkable=138 pass=90 stuck=45 resource=27 unsupported:assert_trap-action=22 fail=17 unsupported:assert_exhaustion=11 unsupported:assert_uninstantiable=7
address	timeout	256
align	error	48
align	unsupported:assert_invalid	44
align	unsupported:assert_malformed	48
annotations	unsupported:assert_malformed	64
binary	unsupported:assert_malformed	107
binary-leb128	timeout	58
block	timeout	222
br	timeout	96
br_if	timeout	118
br_on_non_null	pass	1
br_on_non_null	stuck	3
br_on_non_null	timeout	5
br_on_null	error	2
br_on_null	pass	1
br_on_null	stuck	3
br_on_null	unsupported:assert_invalid	1
br_table	timeout	185
call	timeout	90
call_indirect	timeout	169
call_ref	error	23
call_ref	pass	4
call_ref	unsupported:assert_invalid	4
comments	stuck	3
const	pass	47
const	timeout	253
const	unsupported:assert_malformed	76
conversions	error	585
conversions	unsupported:assert_invalid	25
conversions	unsupported:assert_return-pattern	8
custom	unsupported:assert_malformed	8
data	timeout	34
elem	timeout	72
endianness	error	68
exports	error	1
exports	pass	3
exports	unsupported:assert_invalid	32
exports	unsupported:assert_return-pattern	5
f32	error	1589
f32	unsupported:assert_invalid	11
f32	unsupported:assert_malformed	2
f32	unsupported:assert_return-pattern	911
f32_bitwise	error	360
f32_bitwise	unsupported:assert_invalid	3
f32_cmp	error	2400
f32_cmp	unsupported:assert_invalid	6
f64	error	1589
f64	unsupported:assert_invalid	11
f64	unsupported:assert_malformed	2
f64	unsupported:assert_return-pattern	911
f64_bitwise	error	360
f64_bitwise	unsupported:assert_invalid	3
f64_cmp	error	2400
f64_cmp	unsupported:assert_invalid	6
fac	error	6
fac	unsupported:assert_exhaustion	1
float_exprs	error	310
float_exprs	timeout	454
float_exprs	unsupported:assert_return-pattern	55
float_literals	timeout	177
float_memory	timeout	60
float_misc	error	469
float_misc	unsupported:assert_return-pattern	1
forward	error	4
func	error	4
func	pass	3
func	stuck	1
func	timeout	163
func_ptrs	error	3
func_ptrs	timeout	22
func_ptrs	unsupported:assert_invalid	7
global	error	63
global	unsupported:assert_invalid	40
global	unsupported:assert_malformed	7
global	unsupported:assert_return-pattern	4
i32	error	374
i32	unsupported:assert_invalid	83
i32	unsupported:assert_malformed	2
i64	error	384
i64	unsupported:assert_invalid	29
i64	unsupported:assert_malformed	2
id	unsupported:assert_malformed	6
if	timeout	240
imports	error	34
imports	unsupported:assert_invalid	1
imports	unsupported:assert_malformed	16
imports	unsupported:assert_unlinkable	93
instance	error	10
instance	unsupported:assert_return-pattern	2
int_exprs	error	89
int_literals	stuck	6
int_literals	timeout	44
labels	stuck	1
labels	timeout	27
left-to-right	timeout	95
linking	unsupported:assert_return-pattern	65
linking	unsupported:assert_trap-action	18
linking	unsupported:assert_uninstantiable	7
linking	unsupported:assert_unlinkable	43
load	timeout	96
local_get	error	15
local_get	stuck	4
local_get	unsupported:assert_invalid	16
local_init	error	4
local_init	unsupported:assert_invalid	4
local_set	error	15
local_set	pass	4
local_set	unsupported:assert_invalid	33
local_tee	timeout	97
loop	timeout	120
memory	timeout	78
memory_grow	error	27
memory_grow	pass	2
memory_grow	stuck	1
memory_grow	timeout	66
memory_redundancy	timeout	4
memory_size	error	15
memory_size	stuck	18
memory_size	timeout	5
memory_trap	error	13
memory_trap	timeout	167
names	pass	2
names	timeout	480
nop	timeout	87
obsolete-keywords	unsupported:assert_malformed	11
ref	unsupported:assert_invalid	12
ref_as_non_null	pass	1
ref_as_non_null	stuck	3
ref_as_non_null	unsupported:assert_invalid	1
ref_func	error	8
ref_func	timeout	2
ref_func	unsupported:assert_invalid	1
ref_is_null	timeout	18
ref_null	pass	10
ref_null	unsupported:assert_return-pattern	22
return	timeout	83
return_call	error	33
return_call	unsupported:assert_invalid	12
return_call	unsupported:assert_return-pattern	1
return_call_indirect	error	49
return_call_indirect	unsupported:assert_invalid	17
return_call_indirect	unsupported:assert_malformed	11
return_call_indirect	unsupported:assert_return-pattern	1
return_call_ref	error	35
return_call_ref	unsupported:assert_invalid	11
select	timeout	154
skip-stack-guard-page	unsupported:assert_exhaustion	10
stack	error	3
stack	timeout	2
start	timeout	8
start	unsupported:assert_invalid	3
store	stuck	1
store	timeout	66
switch	error	25
switch	stuck	1
switch	unsupported:assert_invalid	1
table	error	1
table	unsupported:assert_invalid	19
table	unsupported:assert_malformed	3
table	unsupported:assert_return-pattern	4
table_get	error	7
table_get	unsupported:assert_invalid	5
table_get	unsupported:assert_return-pattern	2
table_grow	error	16
table_grow	fail	2
table_grow	pass	1
table_grow	resource	27
table_grow	unsupported:assert_return-pattern	2
table_set	error	8
table_set	unsupported:assert_invalid	7
table_set	unsupported:assert_return-pattern	6
table_set	unsupported:assert_trap-action	4
table_size	error	16
table_size	fail	15
table_size	pass	5
table_size	unsupported:assert_invalid	2
token	timeout	24
token	unsupported:assert_malformed	2
traps	error	32
type	unsupported:assert_malformed	2
type-equivalence	timeout	4
type-equivalence	unsupported:assert_invalid	1
type-rec	error	1
type-rec	timeout	4
type-rec	unsupported:assert_invalid	8
type-rec	unsupported:assert_unlinkable	2
unreachable	timeout	63
unreached-invalid	unsupported:assert_invalid	121
unreached-valid	error	4
unreached-valid	pass	6
unwind	timeout	49
utf8-custom-section-id	unsupported:assert_malformed	176
utf8-import-field	unsupported:assert_malformed	176
utf8-import-module	unsupported:assert_malformed	176
utf8-invalid-encoding	unsupported:assert_malformed	176
